#365,LOSER
#366,INPUT
#367,GLOAT
#368,AWFUL
#369,BRINK
#370,SMITE
#371,BEADY
#372,RUSTY
#373,RETRO
#374,DROLL
#375,GAWKY
#376,HUTCH
#377,PINTO
#378,EGRET
#379,LILAC
#380,SEVER
#381,FIELD
#382,FLUFF
#383,AGAPE
#384,VOICE
#385,STEAD
#386,BERTH
#387,MADAM
#388,NIGHT
#389,BLAND
#390,LIVER
#391,WEDGE
#392,ROOMY
#393,WACKY
#394,FLOCK
#395,ANGRY
#396,TRITE
#397,APHID
#398,TRYST
#399,MIDGE
#400,POWER
#401,ELOPE
#402,CINCH
#403,MOTTO
#404,STOMP
#405,UPSET
#406,BLUFF
#407,CRAMP
#408,QUART
#409,COYLY
#410,YOUTH
#411,RHYME
#412,BUGGY
#413,ALIEN
#414,SMEAR
#415,UNFIT
#416,PATTY
#417,CLING
#418,GLEAN
#419,LABEL
#420,HUNKY
#421,KHAKI
#422,POKER
#423,GRUEL
#424,TWICE
#425,TWANG
#426,SHRUG
#427,TREAT
#428,WASTE
#429,MERIT
#430,WOVEN
#431,NEEDY
#432,CLOWN
#433,IRONY
#434,RUDER
#435,GAUZE
#436,CHIEF
#437,ONSET
#438,PRIZE
#439,FUNGI
#440,CHARM
#441,GULLY
#442,INTER
#443,WHOOP
#444,TAUNT
#445,LEERY
#446,CLASS
#447,THEME
#448,LOFTY
#449,TIBIA
#450,BOOZE
#451,ALPHA
#452,THYME
#453,DOUBT
#454,PARER
#455,CHUTE
#456,STICK
#457,TRICE
#458,ALIKE
#459,RECAP
#460,SAINT
#461,GLORY
#462,GRATE
#463,ADMIT
#464,BRISK
#465,SOGGY
#466,USURP
#467,SCALD
#468,SCORN
#469,LEAVE
#470,TWINE
#471,STING
#472,BOUGH
#473,MARSH
#474,SLOTH
#475,DANDY
#476,VIGOR
#477,HOWDY
#478,ENJOY
#479,VALID
#480,IONIC
#481,EQUAL
#482,FLOOR
#483,CATCH
#484,SPADE
#485,STEIN
#486,EXIST
#487,QUIRK
#488,DENIM
#489,GROVE
#490,SPIEL
#491,MUMMY
#492,FAULT
#493,FOGGY
#494,FLOUT
#495,CARRY
#496,SNEAK
#497,LIBEL
#498,WALTZ
#499,APTLY
#500,PINEY
#501,INEPT
#502,ALOUD
#503,PHOTO
#504,DREAM
#505,STALE
#506,BEGIN
#507,SNARL
#508,RAINY
#509,UNITE
#510,MEDAL
#511,VALET
#512,INANE
#513,MAPLE
#514,SNARL
#515,BAKER
#516,THERE
#517,GLYPH
#518,AVERT
#519,BRAVE
#520,AXIOM
#521,PRIME
#522,DRIVE
#523,FEAST
#524,ITCHY
#525,CLEAN
#526,HAPPY
#527,TEPID
#528,UNDUE
#529,STUDY
#530,EJECT
#531,CHAFE
#532,TORSO
#533,ADORE
#534,WOKEN
#535,AMBER
#536,JOUST
#537,INFER
#538,BRAID
#539,KNOCK
#540,NAIVE
#541,APPLY
#542,SPOKE
#543,USUAL
#544,RIVAL
#545,PROBE
#546,CHORD
#547,TAPER
#548,SLATE
#549,THIRD
#550,LUNAR
#551,EXCEL
#552,AORTA
#553,POISE
#554,EXTRA
#555,JUDGE
#556,CONDO
#557,IMPEL
#558,HAVOC
#559,MOLAR
#560,MANLY
#561,WHINE
#562,SKIRT
#563,ANTIC
#564,LAYER
#565,SLEEK
#566,BELIE
#567,LEMON
#568,OPERA
#569,PIXIE
#570,GRIMY
#571,SEDAN
#572,LEAPT
#573,HUMAN
#574,KOALA
#575,SPIRE
#576,FROCK
#577,ADOPT
#578,CHARD
#579,MUCKY
#580,ALTER
#581,BLURB
#582,MATEY
#583,ELUDE
#584,COUNT
#585,MAIZE
#586,BEEFY
#587,WORRY
#588,FLIRT
#589,FISHY
#590,CRAVE
#591,CROSS
#592,SCOLD
#593,SHIRK
#594,TASTY
#595,UNLIT
#596,DANCE
#597,NINTH
#598,APPLE
#599,FLAIL
#600,STAGE
#601,HEADY
#602,DEBUG
#603,GIANT
#604,USAGE
#605,SOUND
#606,SALSA
#607,MAGIC
#608,CACHE
#609,AVAIL
#610,KIOSK
#611,SWEAT
#612,RUDDY
#613,RIPER
#614,VAGUE
#615,ARBOR
#616,FIFTY
#617,SYRUP
#618,WORSE
#619,POLKA
#620,MOOSE
#621,ABOVE
#622,SQUAT
#623,TREND
#624,TOXIC
#625,PINKY
#626,HORSE
#627,REGAL
#628,WHERE
#629,REVEL
#630,EMAIL
#631,BIRTH
#632,BLAME
#633,SURLY
#634,SWEEP
#635,CIDER
#636,MEALY
#637,YACHT
#638,CREDO
#639,GLOVE
#640,TOUGH
#641,DUVET
#642,STAID
#643,GROUT
#644,VOTER
#645,UNTIE
#646,GUANO
#647,HURRY
#648,BESET
#649,BREAD
#650,EVERY
#651,MARCH
#652,STOCK
#653,FLORA
#654,RATIO
#655,SMASH
#656,LEAFY
#657,LOCUS
#658,LEDGE
#659,SNAFU
#660,UNDER
#661,QUALM
#662,BORAX
#663,CARAT
#664,THIEF
#665,AGONY
#666,DWELT
#667,WHIFF
#668,HOUND
#669,THUMP
#670,PLATE
#671,KAYAK
#672,BROKE
#673,UNZIP
#674,DITTO
#675,JOKER
#676,METRO
#677,LOGIC
#678,CIRCA
#679,CEDAR
#680,PLAZA
#681,RANGE
#682,SULKY
#683,HORDE
#684,GUPPY
#685,BELOW
#686,ANGER
#687,GHOUL
#688,AGLOW
#689,COCOA
#690,ETHIC
#691,BROOM
#692,SNACK
#693,ACRID
#694,SCARF
#695,CANOE
#696,LATTE
#697,PLANK
#698,SHORN
#699,GRIEF
#700,FLASK
#701,BRASH
#702,IGLOO
#703,CLERK
#704,UTTER
#705,BAGEL
#706,SWINE
#707,RAMEN
#708,SKIMP
#709,MOUSE
#710,KNEEL
#711,AGILE
#712,JAZZY
#713,HUMID
#714,NANNY
#715,BEAST
#716,ENNUI
#717,SCOUT
#718,HATER
#719,CRUMB
#720,BALSA
#721,AGAIN
#722,GUARD
#723,WRONG
#724,PLUNK
#725,CRIME
#726,MAYBE
#727,STRAP
#728,RANCH
#729,SHYLY
#730,KAZOO
#731,FROST
#732,CRANE
#733,TASTE
#734,COVET
#735,GRAND
#736,RODEO
#737,GUEST
#738,ABOUT
#739,TRACT
#740,DINER
#741,STRAW
#742,BLEEP
#743,MOSSY
#744,HOTEL
#745,IRATE
#746,VENOM
#747,WINDY
#748,DONUT
#749,COWER
#750,ENTER
#751,FOLLY
#752,EARTH
#753,WHIRL
#754,BARGE
#755,FIEND
#756,CRONE
#757,TOPAZ
#758,DROOP
#759,FLYER
#760,TONIC
#761,FLANK
#762,BURLY
#763,FROZE
#764,WHALE
#765,HOBBY
#766,WHEEL
#767,HEART
#768,DISCO
#769,ETHOS
#770,CURLY
#771,BATHE
#772,STYLE
#773,TENTH
#774,BEGET
#775,PARTY
#776,CHART
#777,ANODE
#778,POLYP
#779,BROOK
#780,BULLY
#781,LOVER
#782,EMPTY
#783,HELLO
#784,QUICK
#785,WRATH
#786,SNAKY
#787,INDEX
#788,SCRUB
#789,AMISS
#790,EXACT
#791,MAGMA
#792,QUEST
#793,BEACH
#794,SPICE
#795,VERVE
#796,WORDY
#797,OCEAN
#798,CHOIR
#799,PEACE
#800,WRITE
#801,CAPER
#802,AUDIO
#803,BRIDE
#804,SPACE
#805,ONION
#806,AWAIT
#807,GIDDY
#808,BIRCH
#809,GNASH
#810,DWELL
#811,ROUSE
#812,LUCKY
#813,QUOTE
#814,OLDER
#815,WHISK
#816,CLEAR
#817,RAYON
#818,EXERT
#819,ANGEL
#820,MUSIC
#821,FRANK
#822,CLOSE
#823,SNARE
#824,STONE
#825,BRUSH
#826,CAROL
#827,RIGHT
#828,ROCKY
#829,LOYAL
#830,SMILE
#831,COACH
#832,AZURE
#833,DADDY
#834,BERET
#835,MERRY
#836,WHILE
#837,SPURT
#838,BUNCH
#839,CHIME
#840,VIOLA
#841,BINGE
#842,TRUTH
#843,SNAIL
#844,SKUNK
#845,KNELT
#846,UNCLE
#847,AGENT
#848,LEAKY
#849,GRAPH
#850,ADULT
#851,MERCY
#852,SPLAT
#853,OCCUR
#854,SMIRK
#855,GIVEN
#856,TEMPO
#857,CAUSE
#858,RETRY
#859,PIQUE
#860,NOBLE
#861,MASON
#862,PHONY
#863,GRAIL
#864,BLEAK
#865,NOISE
#866,UNTIL
#867,ARDOR
#868,MANIA
#869,FLARE
#870,TRADE
#871,LIMIT
#872,NINJA
#873,GLAZE
#874,LEASH
#875,ACTOR
#876,MEANT
#877,GREEN
#878,SASSY
#879,SIGHT
#880,TRUST
#881,TARDY
#882,THINK
#883,QUEUE
#884,CANDY
#885,PIANO
#886,PIXEL
#887,QUEEN
#888,THROW
#889,GUIDE
#890,SOLID
#891,TAWNY
#892,SCOPE
#893,SUSHI
#894,RESIN
#895,TAKEN
#896,GENRE
#897,ADAPT
#898,WORST
#899,YOUNG
#900,WOMAN
#901,SLEEP
#902,SHARP
#903,SHIFT
#904,CHAIN
#905,HOUSE
#906,THESE
#907,SPENT
#908,WOULD
#909,TOPIC
#910,GLOBE
#911,BACON
#912,FUNNY
#913,TABLE
#914,SMALL
#915,BUILT
#916,TOUCH
#917,SLOPE
#918,GRACE
#919,EVOKE
#920,PHONE
#921,DAISY
#922,LEARN
#923,CHILD
#924,THREE
#925,SALTY
#926,MURAL
#927,AGING
#928,TWIRL
#929,SCANT
#930,LUNGE
#931,CABLE
#932,STONY
#933,FINAL
#934,LINER
#935,THREW
#936,BRIEF
#937,ROUTE
#938,HEARD
#939,DOING
#940,LUNCH
#941,BLOND
#942,COURT
#943,STOLE
#944,THING
#945,LARGE
#946,NORTH
#947,TWEAK
#948,STILL
#949,RELIC
#950,BLOCK
#951,ALOOF
#952,SNAKE
#953,EMBER
#954,LEGGY
#955,EXPEL
#956,BULKY
#957,ALIVE
#958,CLEFT
#959,MICRO
#960,VERGE
#961,REPEL
#962,WHICH
#963,AFTER
#964,PLACE
#965,STIFF
#966,FRIED
#967,NEVER
#968,PASTA
#969,SCRAM
#970,TALON
#971,ASCOT
#972,STASH
#973,PSALM
#974,RIDGE
#975,PRICE
#976,MATCH
#977,BUILD
#978,HEAVY
#979,APART
#980,PIPER
#981,SMITH
#982,OFTEN
#983,SENSE
#984,DEVIL
#985,IMAGE
#986,FORTY
#987,URBAN
#988,STATE
#989,FLAME
#990,HUNCH
#991,TEARY
#992,CLONE
#993,EARLY
#994,CHEER
#995,GRASP
#996,PESKY
#997,HEAVE
#998,LOCAL
#999,SINCE
#1000,ERUPT
#1001,TOXIC
#1002,SNORT
#1003,SPELT
#1004,ABIDE
#1005,LINGO
#1006,SHADE
#1007,DECAY
#1008,RISEN
#1009,TOWEL
#1010,SALLY
#1011,MAYOR
#1012,STUNG
#1013,SPEAK
#1014,REALM
#1015,FORCE
#1016,TABOO
#1017,FROND
#1018,SERUM
#1019,PLAIT
#1020,CLIMB
#1021,WRIST
#1022,FINCH
#1023,VOILA
#1024,BREED
#1025,MERGE
#1026,BROTH
#1027,LOUSE
#1028,WHINY
#1029,STEEL
#1030,BLIMP
#1031,EQUIP
#1032,SHANK
#1033,TITHE
#1034,FACET
#1035,RAISE
#1036,LUCID
#1037,JOLLY
#1038,LASER
#1039,ROVER
#1040,OVERT
#1041,INTRO
#1042,VAPID
#1043,GLEAM
#1044,PRUNE
#1045,CRAFT
#1046,PROWL
#1047,DIARY
#1048,SLICE
#1049,EBONY
#1050,VALUE
#1051,DECAL
#1052,SHAVE
#1053,MUSTY
#1054,PIOUS
#1055,JERKY
#1056,MEDIA
#1057,TIDAL
#1058,OUTER
#1059,CUMIN
#1060,AMASS
#1061,PINCH
#1062,STALL
#1063,TUTOR
#1064,BRINY
#1065,HITCH
#1066,NICER
#1067,DINGO
#1068,EXALT
#1069,SWISH
#1070,GLIDE
#1071,TITAN
#1072,BEVEL
#1073,SKIER
#1074,MINUS
#1075,PAPAL
#1076,GUMMY
#1077,CHAOS
#1078,BASIN
#1079,BRAVO
#1080,STARK
#1081,GROOM
#1082,ORGAN
#1083,ETHER
#1084,MELON
#1085,HENCE
#1086,CROWD
#1087,MANGA
#1088,SWUNG
#1089,DETER
#1090,ANGST
#1091,VAULT
#1092,PROUD
#1093,GRIND
#1094,PRIOR
#1095,COVER
#1096,TERSE
#1097,SCENT
#1098,PAINT
#1099,EDICT
#1100,BUGLE
#1101,DOLLY
#1102,SAVOR
#1103,KNEAD
#1104,ORDER
#1105,DROVE
#1106,ZEBRA
#1107,BUDDY
#1108,ADAGE
#1109,INLAY
#1110,THIGH
#1111,DEBUT
#1112,CRUSH
#1113,SCOFF
#1114,CANON
#1115,SHAPE
#1116,BLARE
#1117,GAUNT
#1118,CAMEO
#1119,JIFFY
#1120,ENACT
#1121,VIDEO
#1122,SWOON
#1123,DECOY
#1124,QUITE
#1125,NERDY
#1126,REFER
#1127,SHAFT
#1128,SPECK
#1129,CADET
#1130,PRONG
#1131,FORTE
#1132,PORCH
#1133,AWASH
#1134,JUICE
#1135,SMOCK
#1136,SUPER
#1137,FERAL
#1138,PENNE
#1139,CHALK
#1140,FLAKE
#1141,SCALE
#1142,LOWER
#1143,ENSUE
#1144,ANVIL
#1145,MACAW
#1146,SAUCY
#1147,OUNCE
#1148,MEDIC
#1149,SCONE
#1150,SKIFF
#1151,NEIGH
#1152,SHORE
#1153,ACORN
#1154,BRACE
#1155,STORM
#1156,LANKY
#1157,METER
#1158,DELAY
#1159,MULCH
#1160,BRUTE
#1161,LEECH
#1162,FILET
#1163,SKATE
#1164,STAKE
#1165,CROWN
#1166,LITHE
#1167,FLUNK
#1168,KNAVE
#1169,SPOUT
#1170,MUSHY
#1171,CAMEL
#1172,FAINT
#1173,STERN
#1174,WIDEN
#1175,RERUN
#1176,OWNER
#1177,DRAWN
#1178,DEBIT
#1179,REBEL
#1180,AISLE
#1181,BRASS
#1182,HARSH
#1183,BROAD
#1184,RECUR
#1185,HONEY
#1186,BEAUT
#1187,FULLY
#1188,PRESS
#1189,SMOKE
#1190,SEVEN
#1191,TEACH
#1192,STEAM
#1193,HANDY
#1194,TORCH
#1195,THANK
#1196,FAITH
#1197,BRAIN
#1198,RIDER
#1199,CLOUD
#1200,MODEM
#1201,SHELL
#1202,WAGON
#1203,TITLE
#1204,MINER
#1205,LAGER
#1206,FLOUR
#1207,JOINT
#1208,MOMMY
#1209,CARVE
#1210,GUSTY
#1211,STAIN
#1212,PRONE
#1213,GAMUT
#1214,CORER
#1215,GRANT
#1216,HALVE
#1217,STINT
#1218,FIBER
#1219,DICEY
#1220,SPOON
#1221,SHOUT
#1222,GOOFY
#1223,BOSSY
#1224,FROWN
#1225,WREAK
#1226,SANDY
#1227,BAWDY
#1228,TUNIC
#1229,EASEL
#1230,WEIRD
#1231,SIXTH
#1232,SNOOP
#1233,BLAZE
#1234,VINYL
#1235,OCTET
#1236,TRULY
#1237,EVENT
#1238,READY
#1239,SWELL
#1240,INNER
#1241,STOIC